{
  "applications": [
    {
      "id": 7,
      "name": "P-Stream",
      "description": "'i trust this website with my life, this is fucking goated. any movie/show that aint obscure asf is most likely here. goated fork of movie-web/sudoflix.' -zyphonz",
      "rating": 9,
      "price": "$0.00",
      "link": "https://pstream.org",
      "tags": [
        "tv",
        "free",
        "linux",
        "windows",
        "mobile",
        "web"
      ]
    },
    {
      "id": 1748163676736,
      "name": "Voxlis",
      "description": "'nice thing i use for getting hacked tools, prolly best for roblox tho. definitely better than this site tho, only problem is im quite confident they are biased cuz they have some things that have a special outline rather than just keeping it like everything else. but besides that, its a great website 👍' -zyphonz",
      "rating": 8.5,
      "price": "$0.00",
      "link": "https://voxlis.net/",
      "tags": [
        "free",
        "hacking",
        "linux",
        "windows",
        "mobile",
        "web",
        "gaming"
      ]
    },
    {
      "id": 1748166360136,
      "name": "Wave",
      "description": "'eh, pretty mid roblox cheat. anything that makes it not boring is either only sometimes up (like freemium. wave dont think i forgot abt how yall said it would be weekly, now it happens once or twice a month) or isnt working. their social media is corny asf, but ig its level 8 tho. not very good, wouldnt recommend.' -zyphonz",
      "rating": 4.3,
      "price": "$7.49",
      "link": "https://getwave.gg",
      "tags": [
        "premium",
        "hacking",
        "windows",
        "gaming"
      ]
    },
    {
      "id": 1748166601226,
      "name": "Meteor Client",
      "description": "'nice minecraft cheat, cant say much bc someone i know might look here, but overall i recommend.' -zyphonz",
      "rating": 9.3,
      "price": "$0.00",
      "link": "https://meteorclient.com/",
      "tags": [
        "free",
        "premium",
        "hacking",
        "windows",
        "gaming"
      ]
    },
    {
      "id": 1748168704385,
      "name": "AWP.GG",
      "description": "'the best roblox cheat by far. shit works flawlessly, has an amazing ui, has amazing security, amazing sunc & unc, and isnt detected. i have not once been banned with this exploit. to anybody looking to pay for an exploit, i recommend this. i've bought weekly 3 times i think and all times have been great.",
      "rating": 10,
      "price": "$6.99-$199.99",
      "link": "https://buyawp.gg/",
      "tags": [
        "premium",
        "hacking",
        "windows",
        "gaming"
      ]
    },
    {
      "id": 1748170280955,
      "name": "Watchwave",
      "description": "'nice streaming service. quite goated indeed. absolutely delightful.' -zyphonz",
      "rating": 7,
      "price": "$0.00",
      "link": "https://watchwave-v2.vercel.app",
      "tags": [
        "tv",
        "free",
        "premium",
        "linux",
        "windows",
        "mobile",
        "web"
      ]
    },
    {
      "id": 1748175978373,
      "name": "Aerochat",
      "description": "'goated discord client if ur looking for some nice vista lookin stuff. nostalgia hitting different lowkey. has some unfinished stuff, but i cant blame it cuz its a w.i.p. open source btw 🤑🤑' -zyphonz",
      "rating": 9,
      "price": "$0.00",
      "link": "https://aerochat.live/",
      "tags": [
        "windows",
        "web",
        "open-source",
        "irc",
        "util"
      ]
    },
    {
      "id": 1748176402063,
      "name": "VistaReloaded",
      "description": "'im using this as my main os, so i think u can tell where my opinion stands. but i do have a lil bit of criticism, there are definitely a few glitches wit shit. this is windows 10 with a vista mod. seriously, just windows 10 but it looks like windows vista. i like this, alot. btw, lil help: press windows + s to get the win10 search thing instead of the vista search if u cant find something/needa access settings or sumn.' -zyphonz",
      "rating": 9,
      "price": "$0.00",
      "link": "https://drive.google.com/file/d/1OL6R_Xnt9N_1G7FwuTQCo835PUB28-_8/view?usp=sharing",
      "tags": [
        "windows",
        "os-tweaking",
        "free"
      ]
    },
    {
      "id": 1748176624522,
      "name": "Prism Launcher",
      "description": "'goated minecraft launcher' -zyphonz",
      "rating": 10,
      "price": "$0.00",
      "link": "https://prismlauncher.org/",
      "tags": [
        "free",
        "linux",
        "windows",
        "gaming"
      ]
    },
    {
      "id": 1748178516958,
      "name": "Zenith",
      "description": "'great roblox exploit. only problem is, its detected. if zenith wasnt detected then this would be my favorite exploit, due to it having great support (they funny as shit) great sunc, great unc, a bunch of funcs i've never seen in other executors, amazing documentation, and beautiful ui. overall, if u dont care abt it being dtc, this is the exploit for you.' -zyphonz",
      "rating": 9,
      "price": "$6.49-$19.99",
      "link": "https://zenith.win/",
      "tags": [
        "premium",
        "hacking",
        "windows",
        "gaming"
      ]
    },
    {
      "id": 1748182234411,
      "name": "Solara",
      "description": "'highkey solara is ass. ik its really trusted and everything, and i remember when it was first made and how it was one of the first exploits to bypass byfron (besides incognito), but its not a good roblox cheat. if ur still using this, idk if u know which exploits are actually good, or if ur a skid. there are so many like 98% sunc executors that are free, and this does not compete. ass ui, ass sunc, ass unc, overall ass. it was good for a month 💔' -zyphonz",
      "rating": 2,
      "price": "$0.00",
      "link": "https://getsolara.dev",
      "tags": [
        "free",
        "hacking",
        "windows",
        "gaming"
      ]
    },
    {
      "id": 1748182456000,
      "name": "Kemono.su",
      "description": "'no. im not a gooner. i use this website to crack patreon shit. (i've only used this for unreal engine assets and minecraft texture packs) ignoring all the porn shit, this is an amazing website. i love the cracked patreon shit cuz i hate giving ppl money (i love piracy so much) and this helps so fucking much. only problem is that if im trynna get something obscure it usually doesnt have it, but idk idrc. another problem is the fucking porn ads. ik i and most ppl have ad blockers (ublock origin on top) but its still worth mentioning.' -zyphonz",
      "rating": 6.7,
      "price": "$0.00",
      "link": "https://kemono.su/",
      "tags": [
        "free",
        "linux",
        "windows",
        "mobile",
        "web"
      ]
    },
    {
      "id": 1748222167422,
      "name": "Primes HD Textures",
      "description": "'goated texture pack. this is for a friend' -zyphonz",
      "rating": 10,
      "price": "$0.00",
      "link": "https://gofile.io/d/PXSDAZ",
      "tags": [
        "free",
        "windows",
        "gaming"
      ]
    },
    {
      "id": 1748306295588,
      "name": "Project Memphis",
      "description": "'i really like project memphis, but i dont recommend u to use it as ur main os cuz its very buggy. its very accurate to windows 98. again, i dont recommend to use this as your main OS.' -sillygal",
      "rating": 7.5,
      "price": "$0.00",
      "link": "https://archive.org/download/project-memphis/ProjectMemphis.iso",
      "tags": [
        "free",
        "windows"
      ]
    },
    {
      "id": 1748387029959,
      "name": "Snap Game",
      "description": "'i actually bought this game. this is fucking ass. heres the download link' -zyphonz",
      "rating": 3,
      "price": "$4.16",
      "link": "https://gofile.io/d/8ofFCM",
      "tags": [
        "free",
        "windows"
      ]
    },
    {
      "id": 1749336872448,
      "name": "Alpha Lookalike Pack",
      "description": "\"makes ur minecraft look like alpha 👍\"\n-zyphonz",
      "rating": 10,
      "price": "$0.00",
      "link": "https://gofile.io/d/x4HS6r",
      "tags": [
        "free",
        "linux",
        "windows",
        "gaming"
      ]
    },
    {
      "id": 1749772669801,
      "name": "Gamdie",
      "description": "'i love piracy' -zyphonz",
      "rating": 10,
      "price": "$0.00",
      "link": "https://gamdie.com",
      "tags": [
        "free",
        "networking",
        "linux",
        "windows",
        "web",
        "gaming"
      ]
    },
    {
      "id": 1750121652779,
      "name": "krabbypatty.com",
      "description": "'buy' -zyphonz",
      "rating": 10,
      "price": "$19.99",
      "link": "https://thekrabbypatty.com",
      "tags": [
        "tv",
        "free",
        "premium",
        "hacking",
        "security",
        "networking",
        "ai",
        "python",
        "javascript",
        "linux",
        "windows",
        "mobile",
        "web",
        "crypto",
        "gaming"
      ]
    }
  ],
  "categories": [
    "all",
    "util",
    "h3cks",
    "tv",
    "scripts",
    "ai",
    "clients",
    "python",
    "open-source",
    "irc",
    "os-tweaking",
    "free",
    "security",
    "networking",
    "crypto",
    "gaming"
  ]
}
